Workbook
Name CategoryList: Lists!$E$2:$E$15
Name DepTypeList: Lists!$F$2:$F$3
Name ImpactList: Lists!$D$2:$D$6
Name ImpactScore: Lists!$K$2:$L$6
Name LikelihoodList: Lists!$C$2:$C$6
Name LikelihoodScore: Lists!$I$2:$J$6
Name PriorityList: Lists!$B$2:$B$5
Name StatusList: Lists!$A$2:$A$6
Name Track: Lists!$N$1:$N$10
Name YesNoList: Lists!$G$2:$G$3

Sheet Dashboard
A1: RAID Log — Dashboard
A2: Summary by Status
A3: Category | B3: Open | C3: In Progress | D3: Mitigated | E3: Closed | F3: Escalated | G3: Total
A4: Risks | B4: =COUNTIF(Risks!E4:E14,"Open") -> 0 | C4: =COUNTIF(Risks!E4:E14,"In Progress") -> 1 | D4: =COUNTIF(Risks!E4:E14,"Mitigated") -> 10 | E4: =COUNTIF(Risks!E4:E14,"Closed") -> 0 | F4: =COUNTIF(Risks!E4:E14,"Escalated") -> 0 | G4: =SUM(B4:F4) -> 11
A5: Assumptions | B5: =COUNTIF(Assumptions!G4:G60,"Open") -> 0 | C5: =COUNTIF(Assumptions!G4:G60,"In Progress") -> 1 | D5: =COUNTIF(Assumptions!G4:G60,"Mitigated") -> 0 | E5: =COUNTIF(Assumptions!G4:G60,"Closed") -> 0 | F5: =COUNTIF(Assumptions!G4:G60,"Escalated") -> 0 | G5: =SUM(B5:F5) -> 1
A6: Issues | B6: =COUNTIF(Issues!I4:I60,"Open") -> 0 | C6: =COUNTIF(Issues!I4:I60,"In Progress") -> 1 | D6: =COUNTIF(Issues!I4:I60,"Mitigated") -> 0 | E6: =COUNTIF(Issues!I4:I60,"Closed") -> 1 | F6: =COUNTIF(Issues!I4:I60,"Escalated") -> 0 | G6: =SUM(B6:F6) -> 2
A7: Dependencies | B7: =COUNTIF(Dependencies!H4:H54,"Open") -> 0 | C7: =COUNTIF(Dependencies!H4:H54,"In Progress") -> 5 | D7: =COUNTIF(Dependencies!H4:H54,"Mitigated") -> 1 | E7: =COUNTIF(Dependencies!H4:H54,"Closed") -> 1 | F7: =COUNTIF(Dependencies!H4:H54,"Escalated") -> 0 | G7: =SUM(B7:F7) -> 7
A8: Total | B8: =SUM(B4:B7) -> 0 | C8: =SUM(C4:C7) -> 8 | D8: =SUM(D4:D7) -> 11 | E8: =SUM(E4:E7) -> 2 | F8: =SUM(F4:F7) -> 0 | G8: =SUM(G4:G7) -> 21
A11: Open Risk Priority Breakdown
A12: Priority | B12: Count (Open / In Progress)
A13: Critical | B13: =COUNTIFS(Risks!I4:I14,"Critical",Risks!E4:E14,"<>Closed",Risks!E4:E14,"<>Mitigated") -> 1
A14: High | B14: =COUNTIFS(Risks!I4:I14,"High",Risks!E4:E14,"<>Closed",Risks!E4:E14,"<>Mitigated") -> 0
A15: Medium | B15: =COUNTIFS(Risks!I4:I14,"Medium",Risks!E4:E14,"<>Closed",Risks!E4:E14,"<>Mitigated") -> 0
A16: Low | B16: =COUNTIFS(Risks!I4:I14,"Low",Risks!E4:E14,"<>Closed",Risks!E4:E14,"<>Mitigated") -> 0

Sheet Risks
A1: RAID Log — Risks
A2: Potential future events that could negatively affect the project. Score = Likelihood x Impact.
A3: Risk ID | B3: Track | C3: Category | D3: Risk Description | E3: Status | F3: Likelihood | G3: Impact | H3: Risk Score | I3: Priority | J3: Owner | K3: Mitigation / Response Plan | L3: Mitigation | M3: Date Identified | N3: Target Review Date | O3: Date Closed | P3: Notes
A4: R-020 | B4: Atlassian | C4: Quality | D4: Rework at Cutover and loss of Migration Quality due to HCSC Dev Environment not updated on time for tests | E4: In Progress | F4: High | G4: High | I4: {=_xlfn.LET( _xlpm.Score,_xlfn.SWITCH(F4,"High",3,"Medium",2,"Low",1)+_xlfn.SWITCH(G4,"High",3,"Medium",2,"Low",1), _xlfn.IFS( _xlpm.Score<=2,"Low", _xlpm.Score<=5,"Medium", _xlpm.Score=5,"High", _xlpm.Score=6,"Critical" ) )} -> Critical | J4: Jeremy | K4: * Data & Configuration not the same * Inconsistencies in DB, structures, configuration ELEKS proposed to install a self-hosted runner
A5: R-001 | B5: GitHub | C5: Technical | D5: Target HCSC enterprise/organization is not fully prepared before migration starts. | E5: Mitigated | F5: Low | G5: High | H5: Complete Enterprise Readiness before repository migration | I5: {=_xlfn.LET( _xlpm.Score,_xlfn.SWITCH(F5,"High",3,"Medium",2,"Low",1)+_xlfn.SWITCH(G5,"High",3,"Medium",2,"Low",1), _xlfn.IFS( _xlpm.Score<=2,"Low", _xlpm.Score<=5,"Medium", _xlpm.Score=5,"High", _xlpm.Score=6,"Critical" ) )} -> Medium | J5: Antonio | K5: Prepare target organization, policies, teams, permissions, enterprise settings and validate readiness before migration execution. Discovery phase activities are incorporated into migration preparation. | L5: DEVOPS-14646, DEVOPS-14690, DEVOPS-14831
A6: R-002 | B6: GitHub | C6: Technical | D6: Repository dependencies are migrated out of sequence causing broken integrations. | E6: Mitigated | F6: Low | G6: High | H6: Complete dependency analysis and migrate related repositories together | I6: {=_xlfn.LET( _xlpm.Score,_xlfn.SWITCH(F6,"High",3,"Medium",2,"Low",1)+_xlfn.SWITCH(G6,"High",3,"Medium",2,"Low",1), _xlfn.IFS( _xlpm.Score<=2,"Low", _xlpm.Score<=5,"Medium", _xlpm.Score=5,"High", _xlpm.Score=6,"Critical" ) )} -> Medium | J6: Antonio | K6: Partition repositories into logical migration bins, identify product dependencies, coordinate cross-tool integrations and validate after migration. | L6: DEVOPS-14691, DEVOPS-14661, DEVOPS-14701
A7: R-003 | B7: GitHub | C7: Technical | D7: Migration workflow or automation contains defects that interrupt production migration. | E7: Mitigated | F7: Low | G7: High | H7: Export memberships, validate SCIM provisioning, automate assignments where possible | I7: {=_xlfn.LET( _xlpm.Score,_xlfn.SWITCH(F7,"High",3,"Medium",2,"Low",1)+_xlfn.SWITCH(G7,"High",3,"Medium",2,"Low",1), _xlfn.IFS( _xlpm.Score<=2,"Low", _xlpm.Score<=5,"Medium", _xlpm.Score=5,"High", _xlpm.Score=6,"Critical" ) )} -> Medium | J7: Antonio | K7: Migration Preparation Tests validated and refined migration scripts before production. Lessons learned incorporated into final workflow. | L7: DEVOPS-14773, DEVOPS-14780
A8: R-004 | B8: GitHub | C8: Operational | D8: GHAS configuration generates excessive alerts or inconsistent security posture. | E8: Mitigated | F8: Low | G8: Medium | H8: Inventory and automate recreation using GitHub CLI or Terraform | I8: {=_xlfn.LET( _xlpm.Score,_xlfn.SWITCH(F8,"High",3,"Medium",2,"Low",1)+_xlfn.SWITCH(G8,"High",3,"Medium",2,"Low",1), _xlfn.IFS( _xlpm.Score<=2,"Low", _xlpm.Score<=5,"Medium", _xlpm.Score=5,"High", _xlpm.Score=6,"Critical" ) )} -> Medium | J8: Antonio | K8: Enable GHAS after repository migration, migrate security controls, validate security scanning before sign-off. | L8: DEVOPS-14693, DEVOPS-14833, DEVOPS-14696
A9: R-005 | B9: GitHub | C9: Security | D9: OAuth policies or IP allowlists block integrations after migration. | E9: Mitigated | F9: Medium | G9: Medium | H9: Validate webhook endpoints and authentication during pilot | I9: {=_xlfn.LET( _xlpm.Score,_xlfn.SWITCH(F9,"High",3,"Medium",2,"Low",1)+_xlfn.SWITCH(G9,"High",3,"Medium",2,"Low",1), _xlfn.IFS( _xlpm.Score<=2,"Low", _xlpm.Score<=5,"Medium", _xlpm.Score=5,"High", _xlpm.Score=6,"Critical" ) )} -> Medium | J9: Antonio | K9: IP allowlists are migrated automatically. OAuth policies require manual recreation because GitHub provides no supported API. Validate after cutover. | L9: DEVOPS-14845, DEVOPS-14846, DEVOPS-14696
A10: R-006 | B10: GitHub | C10: Security | D10: Audit logging does not satisfy compliance requirements after migration. | E10: Mitigated | F10: Low | G10: Medium | H10: Install and validate Apps before migration waves | I10: {=_xlfn.LET( _xlpm.Score,_xlfn.SWITCH(F10,"High",3,"Medium",2,"Low",1)+_xlfn.SWITCH(G10,"High",3,"Medium",2,"Low",1), _xlfn.IFS( _xlpm.Score<=2,"Low", _xlpm.Score<=5,"Medium", _xlpm.Score=5,"High", _xlpm.Score=6,"Critical" ) )} -> Medium | J10: Antonio | K10: Export historical audit logs for archival. Validate new audit logging after migration. Historical audit events cannot be imported into GitHub. | L10: DEVOPS-14847, DEVOPS-14697
A11: R-007 | B11: GitHub | C11: Legal/Compliance | D11: Team memberships or repository permissions are incomplete after migration. | E11: Mitigated | F11: Medium | G11: Medium | H11: Enable in phases and allocate Hypercare for alert triage | I11: {=_xlfn.LET( _xlpm.Score,_xlfn.SWITCH(F11,"High",3,"Medium",2,"Low",1)+_xlfn.SWITCH(G11,"High",3,"Medium",2,"Low",1), _xlfn.IFS( _xlpm.Score<=2,"Low", _xlpm.Score<=5,"Medium", _xlpm.Score=5,"High", _xlpm.Score=6,"Critical" ) )} -> Medium | J11: Antonio | K11: Repository permissions validated during testing. Team memberships coordinated through organizational provisioning process because they are outside migration automation. | L11: DEVOPS-14695, DEVOPS-14698
A12: R-008 | B12: GitHub | C12: Quality | D12: Repository environments, Actions variables or repository settings are missing. | E12: Mitigated | F12: Low | G12: High | H12: Validate organization security policies before production cutover | I12: {=_xlfn.LET( _xlpm.Score,_xlfn.SWITCH(F12,"High",3,"Medium",2,"Low",1)+_xlfn.SWITCH(G12,"High",3,"Medium",2,"Low",1), _xlfn.IFS( _xlpm.Score<=2,"Low", _xlpm.Score<=5,"Medium", _xlpm.Score=5,"High", _xlpm.Score=6,"Critical" ) )} -> Medium | J12: Antonio | K12: Repository-level configuration migration plus automated validation of environments, variables, secrets and repository assets. | L12: DEVOPS-14830, DEVOPS-14839, DEVOPS-14695
A13: R-009 | B13: GitHub | C13: Quality | D13: Repository webhooks or GitHub Apps fail after migration. | E13: Mitigated | F13: Low | G13: High | H13: Configure audit logging and SIEM integration before migration | I13: {=_xlfn.LET( _xlpm.Score,_xlfn.SWITCH(F13,"High",3,"Medium",2,"Low",1)+_xlfn.SWITCH(G13,"High",3,"Medium",2,"Low",1), _xlfn.IFS( _xlpm.Score<=2,"Low", _xlpm.Score<=5,"Medium", _xlpm.Score=5,"High", _xlpm.Score=6,"Critical" ) )} -> Medium | J13: Antonio | K13: Repository webhooks migrate automatically. GitHub Apps are inventoried and manually reinstalled where GitHub APIs do not support automation. Validate integrations after migration. | L13: DEVOPS-14830, DEVOPS-14843, DEVOPS-14695
A14: R-010 | B14: GitHub | C14: Quality | D14: Branch protection rules are recreated incorrectly. | E14: Mitigated | F14: Low | G14: Medium | H14: Export and recreate using GitHub API/Terraform; validate during pilot | I14: {=_xlfn.LET( _xlpm.Score,_xlfn.SWITCH(F14,"High",3,"Medium",2,"Low",1)+_xlfn.SWITCH(G14,"High",3,"Medium",2,"Low",1), _xlfn.IFS( _xlpm.Score<=2,"Low", _xlpm.Score<=5,"Medium", _xlpm.Score=5,"High", _xlpm.Score=6,"Critical" ) )} -> Medium | J14: Antonio | K14: Recreate branch protection rules and validate repository governance before production sign-off. | L14: DEVOPS-14840, DEVOPS-14695
A15: R-011 | B15: GitHub | C15: Security | D15: Deploy Keys cannot be migrated because private keys are not exportable. | E15: Mitigated | F15: Low | G15: Medium | H15: Identify early, pilot representative repositories, plan dedicated migration windows | I15: {=_xlfn.LET( _xlpm.Score,_xlfn.SWITCH(F15,"High",3,"Medium",2,"Low",1)+_xlfn.SWITCH(G15,"High",3,"Medium",2,"Low",1), _xlfn.IFS( _xlpm.Score<=2,"Low", _xlpm.Score<=5,"Medium", _xlpm.Score=5,"High", _xlpm.Score=6,"Critical" ) )} -> Medium | J15: Antonio | K15: Regenerate Deploy Keys on destination repositories and validate dependent services. | L15: DEVOPS-14839
A16: R-012 | B16: GitHub | C16: Technical | D16: GitHub Pages or Autolink references fail after migration. | E16: Mitigated | F16: Low | G16: Low | H16: Identify early, pilot representative repositories, plan dedicated migration windows | I16: {=_xlfn.LET( _xlpm.Score,_xlfn.SWITCH(F16,"High",3,"Medium",2,"Low",1)+_xlfn.SWITCH(G16,"High",3,"Medium",2,"Low",1), _xlfn.IFS( _xlpm.Score<=2,"Low", _xlpm.Score<=5,"Medium", _xlpm.Score=5,"High", _xlpm.Score=6,"Critical" ) )} -> Low | J16: Antonio | K16: Recreate GitHub Pages configuration and autolink references where applicable. Validate functionality during testing. | L16: DEVOPS-14841, DEVOPS-14842
A17: R-013 | B17: GitHub | C17: Technical | D17: Large repositories or Git LFS exceed migration limitations. | E17: Mitigated | F17: Low | G17: Medium | H17: Identify early, pilot representative repositories, plan dedicated migration windows | I17: {=_xlfn.LET( _xlpm.Score,_xlfn.SWITCH(F17,"High",3,"Medium",2,"Low",1)+_xlfn.SWITCH(G17,"High",3,"Medium",2,"Low",1), _xlfn.IFS( _xlpm.Score<=2,"Low", _xlpm.Score<=5,"Medium", _xlpm.Score=5,"High", _xlpm.Score=6,"Critical" ) )} -> Medium | J17: Antonio | K17: Migration Preparation Tests validated tooling against representative repositories. Logical migration bins reduce execution risk and migration progress is monitored. | L17: DEVOPS-14773, DEVOPS-14691
A18: R-014 | B18: GitHub | C18: Technical | D18: GitHub Actions OIDC trust relationships fail after migration because repository IDs change. | E18: Mitigated | F18: Medium | G18: Medium | I18: {=_xlfn.LET( _xlpm.Score,_xlfn.SWITCH(F18,"High",3,"Medium",2,"Low",1)+_xlfn.SWITCH(G18,"High",3,"Medium",2,"Low",1), _xlfn.IFS( _xlpm.Score<=2,"Low", _xlpm.Score<=5,"Medium", _xlpm.Score=5,"High", _xlpm.Score=6,"Critical" ) )} -> Medium | J18: Marcelo | K18: Identify repositories using OIDC, update trust relationships and validate authentication during post-migration testing. | L18: (OIDC task pending / future implementation)
A19: R-015 | B19: GitHub | C19: Technical | D19: A migrated repository experiences functional issues after production cutover. | E19: Mitigated | F19: Low | G19: High | I19: {=_xlfn.LET( _xlpm.Score,_xlfn.SWITCH(F19,"High",3,"Medium",2,"Low",1)+_xlfn.SWITCH(G19,"High",3,"Medium",2,"Low",1), _xlfn.IFS( _xlpm.Score<=2,"Low", _xlpm.Score<=5,"Medium", _xlpm.Score=5,"High", _xlpm.Score=6,"Critical" ) )} -> Medium | J19: Marcelo | K19: Execute hypercare and repository validation. If a repository fails after migration, remove the archive flag from the source repository to restore developer access while fixes continue on the migrated repository. | L19: DEVOPS-14704, DEVOPS-14848
A20: R-016 | B20: GitHub | C20: Operational | D20: Production migration cannot be completed successfully within the maintenance window. | E20: Mitigated | F20: Low | G20: High | I20: {=_xlfn.LET( _xlpm.Score,_xlfn.SWITCH(F20,"High",3,"Medium",2,"Low",1)+_xlfn.SWITCH(G20,"High",3,"Medium",2,"Low",1), _xlfn.IFS( _xlpm.Score<=2,"Low", _xlpm.Score<=5,"Medium", _xlpm.Score=5,"High", _xlpm.Score=6,"Critical" ) )} -> Medium | J20: Marcelo | K20: Migration Preparation Tests eliminated pilot uncertainty, migration is executed as a single organization migration, and logical repository bins plus rollback reduce operational risk. | L20: DEVOPS-14773, DEVOPS-14780, DEVOPS-14691, DEVOPS-14702
A21: R-017 | B21: GitHub | C21: Operational | D21: Rollback cannot be executed if critical issues are detected after migration. | E21: Mitigated | F21: Low | G21: High | H21: =IFERROR(VLOOKUP(F21,LikelihoodScore,2,0)*VLOOKUP(G21,ImpactScore,2,0),"") | I21: {=_xlfn.LET( _xlpm.Score,_xlfn.SWITCH(F21,"High",3,"Medium",2,"Low",1)+_xlfn.SWITCH(G21,"High",3,"Medium",2,"Low",1), _xlfn.IFS( _xlpm.Score<=2,"Low", _xlpm.Score<=5,"Medium", _xlpm.Score=5,"High", _xlpm.Score=6,"Critical" ) )} -> Medium | J21: Antonio | K21: Source repositories remain archived rather than deleted. Rollback consists of removing the archive state to immediately restore developer access while issues are resolved in the destination organization. | L21: DEVOPS-14848
A22: R-018 | B22: GitHub | C22: Operational | D22: Cutover activities leave developers working against different organizations. | E22: Mitigated | F22: Low | G22: High | I22: {=_xlfn.LET( _xlpm.Score,_xlfn.SWITCH(F22,"High",3,"Medium",2,"Low",1)+_xlfn.SWITCH(G22,"High",3,"Medium",2,"Low",1), _xlfn.IFS( _xlpm.Score<=2,"Low", _xlpm.Score<=5,"Medium", _xlpm.Score=5,"High", _xlpm.Score=6,"Critical" ) )} -> Medium | J22: Antonio | K22: Freeze changes during cutover, repoint integrations, execute hypercare and communicate rollback procedures. | L22: DEVOPS-14702, DEVOPS-14703, DEVOPS-14704
A23: R-019 | B23: GitHub | C23: Operational | D23: Losing secrets during migration | E23: Mitigated | F23: Low | G23: High | I23: {=_xlfn.LET( _xlpm.Score,_xlfn.SWITCH(F23,"High",3,"Medium",2,"Low",1)+_xlfn.SWITCH(G23,"High",3,"Medium",2,"Low",1), _xlfn.IFS( _xlpm.Score<=2,"Low", _xlpm.Score<=5,"Medium", _xlpm.Score=5,"High", _xlpm.Score=6,"Critical" ) )} -> Medium | J23: Andres | K23: CyberArg automated migration and post-migration exception remediation | L23: DEVOPS-14830
A24: R-020 | B24: GitHub | C24: Operational | D24: Applications and Github workflows may reference AD/Entra application IDs, service principals, group/object IDs or role assigments from the HS environment. Equivalent identities in the HCSC environment may have different identifiers or permissions, causing authorization failures after migration. | E24: In Progress | F24: Medium | G24: High | H24: =IFERROR(VLOOKUP(F24,LikelihoodScore,2,0)*VLOOKUP(G24,ImpactScore,2,0),"") | I24: {=_xlfn.LET( _xlpm.Score,_xlfn.SWITCH(F24,"High",3,"Medium",2,"Low",1)+_xlfn.SWITCH(G24,"High",3,"Medium",2,"Low",1), _xlfn.IFS( _xlpm.Score<=2,"Low", _xlpm.Score<=5,"Medium", _xlpm.Score=5,"High", _xlpm.Score=6,"Critical" ) )} -> Medium | J24: Mark Malott | K24: Plan will be discussed with HCSC IAM teams | L24: DEVOPS-14934
A25: R-021 | B25: NeoLoad | C25: Schedule | D25: Networking/security not provided on time | E25: In Progress | F25: Medium | G25: High | I25: {=_xlfn.LET( _xlpm.Score,_xlfn.SWITCH(F25,"High",3,"Medium",2,"Low",1)+_xlfn.SWITCH(G25,"High",3,"Medium",2,"Low",1), _xlfn.IFS( _xlpm.Score<=2,"Low", _xlpm.Score<=5,"Medium", _xlpm.Score=5,"High", _xlpm.Score=6,"Critical" ) )} -> Medium | J25: Mark
A26: R-022 | B26: NeoLoad | C26: Schedule | D26: HS Neoload platform not repurposed on time | E26: In Progress | F26: Medium | G26: High | I26: {=_xlfn.LET( _xlpm.Score,_xlfn.SWITCH(F26,"High",3,"Medium",2,"Low",1)+_xlfn.SWITCH(G26,"High",3,"Medium",2,"Low",1), _xlfn.IFS( _xlpm.Score<=2,"Low", _xlpm.Score<=5,"Medium", _xlpm.Score=5,"High", _xlpm.Score=6,"Critical" ) )} -> Medium | J26: Mark
A27: R-026 | B27: Invicti | C27: Technical | D27: Connectivity/authentication issues blocking scans of HS targets | E27: Open | F27: Medium | G27: Medium | H27: =IFERROR(VLOOKUP(F27,LikelihoodScore,2,0)*VLOOKUP(G27,ImpactScore,2,0),"") | I27: {=_xlfn.LET( _xlpm.Score,_xlfn.SWITCH(F27,"High",3,"Medium",2,"Low",1)+_xlfn.SWITCH(G27,"High",3,"Medium",2,"Low",1), _xlfn.IFS( _xlpm.Score<=2,"Low", _xlpm.Score<=5,"Medium", _xlpm.Score=5,"High", _xlpm.Score=6,"Critical" ) )} -> Medium | J27: Fabio | K27: Firewall and auth patterns must be verified
A28: R-027 | B28: Invicti | C28: Technical | D28: Scan profile inconsistencies between HS and HCSC scans | E28: Open | F28: Low | G28: Low | H28: =IFERROR(VLOOKUP(F28,LikelihoodScore,2,0)*VLOOKUP(G28,ImpactScore,2,0),"") | I28: {=_xlfn.LET( _xlpm.Score,_xlfn.SWITCH(F28,"High",3,"Medium",2,"Low",1)+_xlfn.SWITCH(G28,"High",3,"Medium",2,"Low",1), _xlfn.IFS( _xlpm.Score<=2,"Low", _xlpm.Score<=5,"Medium", _xlpm.Score=5,"High", _xlpm.Score=6,"Critical" ) )} -> Low | J28: Fabio | K28: Standard scan profiles to be defined
A29: R-028 | B29: Invicti | C29: Technical | D29: Remediation ownership ambiguity for HS findings | E29: Open | F29: Low | G29: Low | H29: =IFERROR(VLOOKUP(F29,LikelihoodScore,2,0)*VLOOKUP(G29,ImpactScore,2,0),"") | I29: {=_xlfn.LET( _xlpm.Score,_xlfn.SWITCH(F29,"High",3,"Medium",2,"Low",1)+_xlfn.SWITCH(G29,"High",3,"Medium",2,"Low",1), _xlfn.IFS( _xlpm.Score<=2,"Low", _xlpm.Score<=5,"Medium", _xlpm.Score=5,"High", _xlpm.Score=6,"Critical" ) )} -> Low | J29: Fabio | K29: RACI required per app
A30: R-029 | B30: Invicti | C30: Technical | D30: Insufficient HCSC Invicti capacity for HS load | E30: Open | F30: Low | G30: Low | H30: =IFERROR(VLOOKUP(F30,LikelihoodScore,2,0)*VLOOKUP(G30,ImpactScore,2,0),"") | I30: {=_xlfn.LET( _xlpm.Score,_xlfn.SWITCH(F30,"High",3,"Medium",2,"Low",1)+_xlfn.SWITCH(G30,"High",3,"Medium",2,"Low",1), _xlfn.IFS( _xlpm.Score<=2,"Low", _xlpm.Score<=5,"Medium", _xlpm.Score=5,"High", _xlpm.Score=6,"Critical" ) )} -> Low | J30: Fabio | K30: Capacity assessment pending
A31: R-030 | B31: Invicti | C31: Technical | D31: Existing HCSC Invicti capacity is sufficient for HS targets | E31: Open | F31: Low | G31: Low | H31: =IFERROR(VLOOKUP(F31,LikelihoodScore,2,0)*VLOOKUP(G31,ImpactScore,2,0),"") | I31: {=_xlfn.LET( _xlpm.Score,_xlfn.SWITCH(F31,"High",3,"Medium",2,"Low",1)+_xlfn.SWITCH(G31,"High",3,"Medium",2,"Low",1), _xlfn.IFS( _xlpm.Score<=2,"Low", _xlpm.Score<=5,"Medium", _xlpm.Score=5,"High", _xlpm.Score=6,"Critical" ) )} -> Low | J31: Fabio | K31: To validate in Discovery

Sheet Assumptions
A1: RAID Log — Assumptions
A2: Things believed to be true for planning purposes but not yet confirmed.
A3: Assumption ID | B3: Category | C3: Assumption Description | D3: Impact if Invalid | E3: Owner | F3: Validation Plan | G3: Status | H3: Date Identified | I3: Target Validation Date | J3: Date Validated | K3: Notes
A4: A-01 | B4: Scope | C4: Automated Technique to extract and inject from/to HS/HCSC NeoLoad works | D4: Potential extension on Project timeline | E4: Marcelo | F4: Bulid prototype extracting/injecting API calls to HS/HCSC qTest. No transport between HS/HCSC included | G4: In Progress | H4: 46241 | I4: 46242

Sheet Issues
A1: RAID Log — Issues
A2: Problems that have already occurred and need active resolution.
A3: Issue ID | B3: Track | C3: Category | D3: Issue Description | E3: Impact | F3: Priority | G3: Owner | H3: Resolution Plan | I3: Status | J3: Date Raised | K3: Target Resolution Date | L3: Date Resolved | M3: Notes
A4: I-001 | B4: GitHub | C4: Technical | D4: Full migration process breaks due to excessive duration for current setup. GitHub default runners timeout | E4: Migration cannot complete | F4: Critical | G4: Katie | H4: Install a self-hosted runner | I4: Closed | J4: 46231 | K4: ASAP | L4: 46239 | M4: Overall, the full migration succeeded. The scripts are correct and proved worked fine (validated against run logs). The issue is with the cloud runner that executed it. Strategy is to execute the scripts using the current cloud runner, will validate the results and eventually ignore the timeout. This makes the self-hosted runner not necessary now.
A5: I-002 | B5: JIRA | C5: Technical | E5: Migration cannot complete | F5: Critical | G5: Miguel | H5: Troubleshooting with CJU Configuration Manager tool vendor | I5: In Progress | J5: 46238

Sheet Dependencies
A1: RAID Log — Dependencies
A2: External or cross-team deliverables this project relies on.
A3: ID | B3: Track | C3: Dependency | D3: Depends On | E3: Owner | F3: Needed By | G3: Impact if Delayed | H3: Status | I3: Date Identified | J3: Date Resolved | K3: Notes
A4: D-002 | B4: All | C4: Network connectivity between HS and HCSC | D4: HCSC Networking | E4: Mark Mallot | F4: Early August | G4: Cannot perform test migrations | H4: In Progress | I4: 46204
A5: D-003 | B5: All | C5: Active Directory Consolidation | D5: HCSC AD team | E5: Mark Mallot | F5: Mid September | G5: Cannot go to production | H5: In Progress | I5: 46205
A6: D-005 | B6: Atlassian | C6: Production & Plugin licenses for HS | D6: HCSC Procurement | E6: Jeremy Upright | F6: Early September | G6: Cannot go to production | H6: In Progress | I6: 46188
A7: D-007 | B7: Confluence | C7: Confiforms: approach for migration | D7: HS Biz Lead | E7: Doug Richard | F7: 46234 | G7: Templates not available after migration | H7: In Progress | I7: 46195
A8: D-004 | B8: GitHub | C8: PAT Assignment for Andres Garcia | D8: HCSC GitHub | E8: Katie Pryzi | F8: 46218 | G8: Cannot run migration workflow on test repositories | H8: Closed | I8: 46217
A9: D-010 | B9: NeoLoad | C9: HCSC to resolve capacity constraints
A10: D-011 | B10: GitHub | C10: Create, configure, and validate GitHub Actions self-hosted runners in the HCSC destination organization. | D10: HCSC GitHub Platform / Cloud Infrastructure / Network & Security | E10: HCSC GitHub Platform Team (TBD) | F10: Before execution of the organization-to-organization migration estimated for September 4th | G10: Migration workflows, validation activities, and post-migration CI/CD pipelines cannot execute in the destination organization, delaying repository cutover and production readiness. | H10: In Progress | I10: 46223 | K10: - Provision the runner infrastructure. - Create runner groups and labels. - Define repository assignment strategy after repository migration. - Install required tooling and validate network connectivity. - J10Define operational ownership, monitoring, and support responsibilities.
A11: D-012 | B11: GitHub | C11: Complete the IAM baseline for the destination GitHub Enterprise environment | D11: HCSC IAM | E11: Mark Marlott | F11: Before execution of the organization-to-organization migration estimated for September 4th | G11: Migration workflows may not have the required permissions to migrate repositories, configure runners, restore secrets, apply security settings, or validate migrated repositories. Administrative and user access to the destination environment may also be blocked. | H11: Mitigated | I11: 46223 | K11: - HS users accessing HCSC GitHub with their existing accounts - HCSC custom authorization approach - Access requirements, ownership, and validation
B12: Invicti | C12: Network team for firewall paths and segmentation | D12: HCSC Networking | E12: Mark Mallot | F12: 46234

Sheet Lists
A1: Status | B1: Priority | C1: Likelihood | D1: Impact | E1: Category | F1: DependencyType | G1: YesNo | I1: LikelihoodScore | J1: Score | K1: ImpactScore | L1: Score | N1: Track
A2: Open | B2: Critical | C2: Rare | D2: Negligible | E2: Budget | F2: Internal | G2: Yes | I2: Rare | J2: 1 | K2: Negligible | L2: 1 | N2: All
A3: In Progress | B3: High | C3: Unlikely | D3: Minor | E3: External | F3: External | G3: No | I3: Unlikely | J3: 2 | K3: Minor | L3: 2 | N3: Atlassian
A4: Mitigated | B4: Medium | C4: Possible | D4: Moderate | E4: Legal/Compliance | I4: Possible | J4: 3 | K4: Moderate | L4: 3 | N4: JIRA
A5: Closed | B5: Low | C5: Likely | D5: Major | E5: Operational | I5: Likely | J5: 4 | K5: Major | L5: 4 | N5: Confluence
A6: Escalated | C6: Almost Certain | D6: Severe | E6: Quality | I6: Almost Certain | J6: 5 | K6: Severe | L6: 5 | N6: GitHub
E7: Resource | N7: NeoLoad
E8: Schedule | N8: Invicti
E9: Scope | N9: qTest
E10: Security | N10: BrowserTest
E11: Stakeholder
E12: Technical

Sheet README
A1: RAID Log Template
A2: Risks, Assumptions, Issues & Dependencies — Project Management Tracker
A5: What is a RAID log?
A6: A RAID log is a single place to track the four things most likely to derail a project: Risks (might happen), Assumptions (believed true, unconfirmed), Issues (already happened), and Dependencies (relies on something outside the team's control).
A8: How to use this workbook
A9: 1. Dashboard — live counts and charts pulled automatically from the four tabs. No manual entry.
A10: 2. Risks — log potential problems. Pick Likelihood and Impact from dropdowns; Risk Score and Priority calculate automatically.
A11: 3. Assumptions — log what you're taking on faith. Track how and when each will be validated.
A12: 4. Issues — log problems that have already occurred, with a resolution plan and owner.
A13: 5. Dependencies — log deliverables you're waiting on from other teams or vendors.
A15: Tips
A16: - Each row has a colored Status cell (Open / In Progress / Mitigated / Closed / Escalated) so the log is scannable at a glance.
... A20: - Use the filter arrows on each header row to focus on one owner, category, or status at a time.
